,precision,recall,f1-score,support
No Pain,0.9282113329300262,0.5654791154791154,0.7028017405908848,8140.0
Mild,0.20084678486372057,0.6831683168316832,0.3104294478527607,1111.0
Obvious,0.024549918166939442,0.15306122448979592,0.04231311706629055,98.0
accuracy,0.575141726387849,0.575141726387849,0.575141726387849,0.575141726387849
macro avg,0.38453601198689547,0.46723621893353157,0.35184810183664533,9349.0
weighted avg,0.8323015210198275,0.575141726387849,0.6492501840246782,9349.0
