,precision,recall,f1-score,support
No Pain,0.8910099889012209,0.49312039312039313,0.6348754448398577,8140.0
Mild Pain,0.06382978723404255,0.032403240324032405,0.04298507462686567,1111.0
Obvious Pain,0.0025700934579439253,0.11224489795918367,0.005025125628140704,98.0
accuracy,0.4343780083431383,0.4343780083431383,0.4343780083431383,0.4343780083431383
macro avg,0.3191366231977358,0.21258951046786975,0.2276285483649547,9349.0
weighted avg,0.7833980182299537,0.4343780083431383,0.5579350734001975,9349.0
