,precision,recall,f1-score,accuracy
No Pain,0.8910099889012209,0.49312039312039313,0.6348754448398577,0.08181818181818182
Mild Pain,0.06382978723404255,0.032403240324032405,0.04298507462686567,0.8837516512549538
Obvious Pain,0.0025700934579439253,0.11224489795918367,0.005025125628140704,
