,precision,recall,f1-score,support
No Pain,0.9599187542315505,0.8708845208845208,0.9132367149758455,8140.0
Weak,0.0,0.0,0.0,234.0
Mild,0.34323144104803494,0.7690802348336595,0.4746376811594203,511.0
Strong,0.29521276595744683,0.47844827586206895,0.3651315789473684,464.0
accuracy,0.8240453524441117,0.8240453524441117,0.8240453524441117,0.8240453524441117
macro avg,0.39959074030925806,0.5296032578950624,0.43825149377065853,9349.0
weighted avg,0.8691954914134796,0.8240453524441117,0.8392028845445957,9349.0
