,precision,recall,f1-score,accuracy
No Pain,0.9590438711558081,0.8083538083538083,0.8772748483434438,0.7513812154696132
Mild Pain,0.3392931392931393,0.7344734473447345,0.4641638225255973,0.809149040826365
Obvious Pain,0.6024096385542169,0.5102040816326531,0.5524861878453039,
