,precision,recall,f1-score,support
No Pain,0.9590438711558081,0.8083538083538083,0.8772748483434438,8140.0
Mild Pain,0.3392931392931393,0.7344734473447345,0.4641638225255973,1111.0
Obvious Pain,0.6024096385542169,0.5102040816326531,0.5524861878453039,98.0
accuracy,0.796448818055407,0.796448818055407,0.796448818055407,0.796448818055407
macro avg,0.6335822163343882,0.6843437791103986,0.6313082862381151,9349.0
weighted avg,0.881656640661169,0.796448818055407,0.8247777215478032,9349.0
