,precision,recall,f1-score,accuracy
No Pain,0.94133215703573,0.7864864864864864,0.8569707516230507,0.35986159169550175
Mild Pain,0.16613418530351437,0.18721872187218722,0.17604739737621666,0.8600214938205266
Obvious Pain,0.05169753086419753,0.6836734693877551,0.09612625538020086,
