,precision,recall,f1-score,support
No Pain,0.9393501805054152,0.7991400491400491,0.8635911052107534,8140.0
Mild,0.23809523809523808,0.43204320432043203,0.3070035177486409,1111.0
Obvious,0.024509803921568627,0.10204081632653061,0.039525691699604744,98.0
accuracy,0.7482083645309658,0.7482083645309658,0.7482083645309658,0.7482083645309658
macro avg,0.4006517408407406,0.44440802326233725,0.4033734382196663,9349.0
weighted avg,0.8464259535375123,0.7482083645309658,0.7888101425201448,9349.0
