,precision,recall,f1-score,support
No Pain,0.94133215703573,0.7864864864864864,0.8569707516230507,8140.0
Mild Pain,0.16613418530351437,0.18721872187218722,0.17604739737621666,1111.0
Obvious Pain,0.05169753086419753,0.6836734693877551,0.09612625538020086,98.0
accuracy,0.7141940314472136,0.7141940314472136,0.7141940314472136,0.7141940314472136
macro avg,0.38638795773448065,0.5524595592488096,0.3763814681264894,9349.0
weighted avg,0.8398850354227979,0.7141940314472136,0.7680769012433275,9349.0
