,precision,recall,f1-score,accuracy
No Pain,0.9335474308300395,0.9285012285012285,0.9310174919931018,0.54182156133829
Mild Pain,0.4995715509854327,0.5247524752475248,0.5118525021949079,0.9286153090060204
Obvious Pain,0.5813953488372093,0.5102040816326531,0.5434782608695652,
