,precision,recall,f1-score,support
No Pain,0.9335474308300395,0.9285012285012285,0.9310174919931018,8140.0
Mild Pain,0.4995715509854327,0.5247524752475248,0.5118525021949079,1111.0
Obvious Pain,0.5813953488372093,0.5102040816326531,0.5434782608695652,98.0
accuracy,0.8761364851855813,0.8761364851855813,0.8761364851855813,0.8761364851855813
macro avg,0.6715047768842273,0.6544859284604687,0.6621160850191916,9349.0
weighted avg,0.8782839687974525,0.8761364851855813,0.8771431580198533,9349.0
