,precision,recall,f1-score,accuracy
No Pain,0.9463730919897339,0.8606879606879607,0.9014990671041626,0.6443629697525206
Mild Pain,0.37755102040816324,0.6327632763276327,0.47292297342751427,0.8616406346082892
Obvious Pain,0.6547619047619048,0.5612244897959183,0.6043956043956044,
