,precision,recall,f1-score,support
No Pain,0.9463730919897339,0.8606879606879607,0.9014990671041626,8140.0
Mild Pain,0.37755102040816324,0.6327632763276327,0.47292297342751427,1111.0
Obvious Pain,0.6547619047619048,0.5612244897959183,0.6043956043956044,98.0
accuracy,0.8304631511391593,0.8304631511391593,0.8304631511391593,0.8304631511391593
macro avg,0.659562005719934,0.6848919089371707,0.6596058816424271,9349.0
weighted avg,0.8757196298145865,0.8304631511391593,0.8474543372485422,9349.0
